37596592015,jiffyjeffers,1122,1428,Italian-Game-Traxler-Counterattack,1. e4  1... e5  2. Nf3  2... Nc6  3. Bc4  3... Nf6  4. Ng5  4... Bc5  5. O-O  5... d5  6. exd5  6... Nxd5  7. Qf3  7... Qxg5  8. Bxd5  8... O-O  9. Bxc6  9... bxc6  10. d4  10... Qf6  11. Qxf6  11... gxf6  12. dxc5  12... Kh8  13. Nc3  13... Rg8  14. Be3  14... Bh3  15. g3  15... Bxf1  16. Rxf1  16... Rab8  17. b3  17... f5  18. f4  18... e4  19. Bd4+  19... Rg7  20. h4  20... Kg8  21. Bxg7  21... Kxg7  22. Kg2  22... Kf6  23. Rd1  23... Ke6  24. Ne2  24... h5  25. Nd4+  25... Kf6  26. Nxc6  26... Rg8  1-0,resigned,blitz,black
37597185475,Nintazz,1122,1686,Alekhines-Defense-Scandinavian-Variation-3.exd5-Nxd5-4.Nxd5-Qxd5,1. e4  1... Nf6  2. Nc3  2... d5  3. exd5  3... Nxd5  4. Nxd5  4... Qxd5  5. Nf3  5... Nc6  6. b3  6... Bf5  7. Bc4  7... Qe4+  8. Qe2  8... Qxc2  9. Ba3  9... O-O-O  10. O-O  10... Nd4  11. Nxd4  11... Rxd4  12. Bxf7  12... Rxd2  13. Be6+  13... Bxe6  14. Qxe6+  14... Kb8  15. Rfc1  15... Qg6  16. Qe5  16... Rd7  17. Rc4  17... e6  18. Bxf8  18... Rxf8  19. Rac1  19... Qf7  20. R1c2  20... Rd1+  0-1,resigned,blitz,white
37597774503,PK_Fruit,1122,1162,Petrovs-Defense-Classical-Cozio-Attack-5...Qe7,1. e4  1... e5  2. Nf3  2... Nf6  3. Nxe5  3... d6  4. Nf3  4... Nxe4  5. Qe2  5... Qe7  6. Nc3  6... Nxc3  7. dxc3  7... Nc6  8. Bf4  8... Be6  9. O-O-O  9... g6  10. Bg5  10... f6  11. Bh4  11... Bg7  12. Kb1  12... O-O-O  13. Nd4  13... Nxd4  14. Rxd4  14... Qf7  15. Re4  15... Bxa2+  16. Kc1  16... Rhe8  17. Rxe8  17... Rxe8  18. Qg4+  18... Be6  19. Qa4  19... Kb8  20. f3  20... h5  21. Bf2  21... a6  22. Bxa6  22... bxa6  23. Qxa6  23... c6  24. Qb6+  24... Qb7  25. Qxb7+  25... Kxb7  26. Re1  26... Bf7  27. Rxe8  27... Bxe8  28. Bg3  28... d5  29. Kd2  29... Bh6+  30. Kd3  30... Kb6  31. Bd6  31... Kb5  32. b3  32... Bf7  33. Kd4  33... Bg7  34. Kd3  34... Be6  35. Be7  35... f5  36. f4  36... Bh6  37. g3  37... Bg7  38. Bg5  38... Bf7  39. Be7  39... c5  40. Ke3  40... Bxc3  41. Kd3  41... Bd4  42. c3  42... Bg1  43. h3  43... Bh2  44. Bh4  44... Bg1  45. Ke2  45... c4  46. b4  46... Ka4  47. Kd1  47... Kb3  48. Kd2  48... Bf2  49. Ke2  49... Bb6  50. Kd2  50... Bd8  51. Bxd8  51... Be6  52. Bf6  52... Bd7  53. Ke3  53... g5  54. fxg5  54... Be8  55. h4  55... Ka4  56. Kd4  56... Bf7  57. Kc5  57... Be8  58. Kxd5  58... Kb5  59. Ke5  59... Bg6  60. Kf4  60... Ka4  61. Ke3  61... Kb3  62. Kd4  62... Bf7  63. Kc5  63... Ka3  64. b5  64... Ka4  65. b6  65... Ka5  66. Kc6  66... Be8+  67. Kc7  67... Bc6  68. Kxc6  68... Ka6  69. Kc7  69... f4  70. gxf4  70... Kb5  71. b7  71... Ka6  72. b8=Q  72... Ka5  73. Be7  73... Ka6  74. Qb6#  1-0,win,blitz,white
37598986275,TheAnnoyingKnight,1122,800,Queens-Pawn-Opening-1...d5-2.e3,1. d4  1... d5  2. e3  2... g6  3. Nf3  3... Bg7  4. Bb5+  4... Bd7  5. Bxd7+  5... Nxd7  6. O-O  6... e6  7. c3  7... Ne7  8. Na3  8... a6  9. b4  9... c6  10. Ng5  10... a5  11. bxa5  11... Qxa5  12. Rb1  12... b5  13. Rb3  13... Rb8  14. Bd2  14... Qc7  15. Qf3  15... f5  16. Nxe6  16... Qd6  17. Nxg7+  17... Kf7  18. Qg3  18... Qxg3  19. fxg3  19... Kxg7  20. e4  20... fxe4  21. Bf4  21... Rbf8  22. Bd6  22... Rxf1+  23. Kxf1  23... Nf5  24. Bf4  24... Rf8  25. g4  25... Ne3+  26. Ke2  26... Nxg2  27. Bd6  27... Rf7  28. Rb1  28... Kg8  29. c4  29... dxc4  30. d5  30... Nf4+  31. Ke3  31... Nxd5+  32. Kxe4  32... Nc3+  33. Kd4  33... Nxb1  34. Nxb1  34... Rf2  35. Nc3  35... Rd2+  36. Ke3  36... Rxd6  37. Ne4  37... Re6  38. a3  38... Rxe4+  39. Kxe4  39... Nc5+  40. Ke5  40... Nd3+  41. Kf6  41... c3  42. h4  42... c2  43. a4  43... bxa4  44. h5  44... gxh5  45. gxh5  45... c1=Q  46. h6  46... Qxh6+  47. Ke7  47... c5  48. Kd7  48... c4  49. Ke7  49... c3  50. Kd7  50... c2  51. Ke7  51... c1=R  52. Kd7  52... a3  53. Ke7  53... a2  54. Kd7  54... a1=Q  55. Ke7  55... Rb1  56. Kd7  56... Qa7+  57. Ke8  57... Rb8#  0-1,win,blitz,black
37929038477,proxima_centauri1,1129,1092,Bishops-Opening,1. e4  1... e5  2. Bc4  2... Nc6  3. d3  3... Nf6  4. Nf3  4... d5  5. exd5  5... Nxd5  6. O-O  6... Be6  7. Re1  7... Bd6  8. Bb5  8... Ne7  9. Nxe5  9... Bxe5  10. Rxe5  10... O-O  11. Re1  11... Qd5  12. Bc4  12... Qf5  13. Nc3  13... Rad8  14. Ne4  14... Bxc4  15. Bg5  15... h6  16. Bxe7  16... Nxe7  17. Ng3  17... Qc5  18. Qe2  18... Be6  19. Ne4  19... Qe5  20. c3  20... Ng6  21. d4  21... Qf4  22. g3  22... Qg4  23. f3  23... Qh3  24. a4  24... Rfe8  25. Qf2  25... Bc4  26. Nc5  26... Rxe1+  27. Rxe1  27... b6  28. Ne4  28... Re8  29. Rb1  29... Bd3  30. Re1  30... Bxe4  31. fxe4  31... a5  32. e5  32... Ne7  33. Rf1  33... Rf8  34. Re1  34... Nd5  35. Re4  35... f6  36. e6  36... Ne7  37. c4  37... c5  38. d5  38... Nf5  39. e7  39... Re8  40. Rf4  40... Nxe7  41. d6  41... Nc6  42. Qf3  42... Re1+  43. Kf2  43... Rf1+  44. Ke3  44... Rxf3+  45. Rxf3  45... Qxh2  46. Kf4  46... Qxb2  47. Kf5  47... Nd4+  48. Ke4  48... Nxf3  49. Kxf3  49... Qc3+  50. Ke4  50... Qd4+  51. Kf5  51... Qxd6  52. Kg6  52... Qxg3+  53. Kf5  53... Qg5+  54. Ke6  54... h5  55. Kd7  55... Qd2+  56. Kc6  56... Qb4  57. Kd5  57... h4  58. Kc6  58... Qxc4  59. Kxb6  59... Qxa4  60. Kxc5  60... Qb4+  61. Kd5  61... Qe1  62. Kd4  62... a4  63. Kc4  63... Qb1  64. Kc3  64... a3  65. Kd4  65... a2  66. Kd5  66... a1=Q  67. Ke6  67... Qb6+  68. Kf5  68... Qe5+  69. Kg4  69... Qbd4+  70. Kh3  70... Qee3+  71. Kg2  71... Qdd2+  72. Kf1  72... Qef2#  0-1,win,blitz,black
38314412765,eagle-eye-123,1140,1256,Philidor-Defense,1. e4  1... e5  2. Nf3  2... d6  3. Nc3  3... f5  4. d3  4... f4  5. b4  5... Nf6  6. a4  6... Be7  7. b5  7... a6  8. Bb2  8... O-O  9. d4  9... axb5  10. axb5  10... Rxa1  11. Qxa1  11... Nbd7  12. Qa2+  12... Kh8  13. Bd3  13... exd4  14. Nxd4  14... Nc5  15. Nce2  15... Nfxe4  16. O-O  16... f3  17. Ng3  17... Nxg3  18. hxg3  18... fxg2  19. Kxg2  19... Nxd3  20. cxd3  20... Bf6  21. Rh1  21... b6  22. Nc6  22... Bb7  23. d4  23... d5  24. Nxd8  24... Rxd8  25. Qa7  1-0,win,blitz,white
38315661553,iglicenga,1132,1152,Giuoco-Piano-Game-Center-Attack-5...exd4-6.cxd4-Bb4-7.Bd2,1. e4  1... e5  2. Nf3  2... Nc6  3. Bc4  3... Bc5  4. c3  4... Nf6  5. d4  5... exd4  6. cxd4  6... Bb4+  7. Bd2  7... Bxd2+  8. Nbxd2  8... d5  9. exd5  9... Nxd5  10. Bxd5  10... Qxd5  11. Qb3  11... Qxb3  12. Nxb3  12... Be6  13. O-O  13... O-O-O  14. Rfd1  14... Rhe8  15. Ng5  15... Bd5  16. Nxh7  16... f6  17. Rd3  17... Rh8  18. Rh3  18... Be6  19. Rh4  19... Bf5  20. Rh5  20... Bxh7  21. d5  21... Ne7  22. d6  22... Rxd6  23. Re1  23... Rd5  24. Rxh7  24... Rxh7  25. Rxe7  25... Rd1+  0-1,resigned,blitz,white
38316275763,chess_novice_3001,1126,1224,Queens-Gambit-Declined-Albin-Countergambit-3.dxe5-d4-4.Nf3-Nc6-5.a3,1. d4  1... d5  2. c4  2... e5  3. dxe5  3... d4  4. Nf3  4... Nc6  5. a3  5... Bc5  6. h3  6... Nge7  7. b4  7... Bxb4+  8. axb4  8... Nxb4  9. Ba3  9... Nec6  10. Bxb4  10... Nxb4  11. Na3  11... Bf5  12. Qxd4  12... c5  13. Qxc5  13... Nc2+  14. Nxc2  14... Bxc2  15. e3  15... a5  16. Be2  16... a4  17. O-O  17... Rc8  18. Qb5+  18... Rc6  19. Qxb7  19... Rb6  20. Qd5  20... O-O  21. Qxd8  21... Rxd8  22. Nd4  22... Rb2  23. Nxc2  23... Rxc2  24. Bf3  24... Rxc4  25. Rfc1  25... Rb4  26. Rc7  26... g6  27. Ra7  27... f5  28. exf6  28... Rd6  29. f7+  29... Kf8  30. R7xa4  30... Rdb6  31. Ra7  31... Rb2  32. Rd1  32... Rb1  1-0,resigned,blitz,black
38316853317,MMancio92,1117,1081,Ruy-Lopez-Opening-Morphy-Defense-Anderssen-Variation,1. e4  1... e5  2. Nf3  2... Nc6  3. Bb5  3... a6  4. Ba4  4... Nf6  5. d3  5... d5  6. exd5  6... Nxd5  7. Bxc6+  7... bxc6  8. Nxe5  8... Qe7  9. d4  9... f6  10. O-O  10... fxe5  11. dxe5  11... Rb8  12. Re1  12... Qe6  13. Nc3  13... Ba3  14. Nxd5  14... Bxb2  15. Nxc7+  15... Kf7  16. Nxe6  16... Bxe6  17. Bxb2  17... Rxb2  1-0,resigned,blitz,black
38316918205,ladepouille06600,1108,1087,Vienna-Game-Max-Lange-Defense-3.Bc4-Nf6,1. e4  1... e5  2. Nc3  2... Nf6  3. Bc4  3... Nc6  4. d3  4... Na5  5. Bg5  5... Nxc4  6. dxc4  6... Bb4  7. Ne2  7... d6  8. a3  8... Bxc3+  9. Nxc3  9... h6  10. Bh4  10... Bg4  11. Bxf6  11... Bxd1  12. Bxd8  12... Rxd8  13. Rxd1  13... O-O  14. O-O  1-0,resigned,blitz,black
38317432861,krushang007,1113,958,Three-Knights-Opening,1. e4  1... e5  2. Nc3  2... Nc6  3. Nf3  3... Nf6  4. Bc4  4... h6  5. Nd5  5... Bc5  6. c3  6... a6  7. d4  7... exd4  8. cxd4  8... Bb4+  9. Nxb4  9... Nxb4  10. Qb3  10... Qe7  11. Ne5  11... O-O  12. Bd2  12... b5  13. Bxb4  13... bxc4  14. Bxe7  14... cxb3  15. Bxf8  15... Kxf8  16. f3  16... d6  17. Nc4  17... Be6  18. Nd2  18... Rb8  19. d5  19... Bd7  20. Nxb3  20... Nh5  21. O-O  21... Nf4  22. Rf2  22... Nd3  23. Rd2  23... Nc5  24. Nxc5  24... dxc5  25. b3  25... a5  26. Rc1  26... a4  27. Rxc5  27... axb3  28. axb3  28... Rxb3  29. Rxc7  29... Rb1+  30. Kf2  30... Bb5  31. Ra2  31... g5  32. Kg3  32... Bf1  33. e5  33... h5  34. e6  34... fxe6  35. Ra8+  1-0,win,blitz,white
38318657269,Shubham15175,1104,1094,Three-Knights-Opening,1. e4  1... e5  2. Nc3  2... Nc6  3. Nf3  3... Nf6  4. Bc4  4... h6  5. Qe2  5... Bc5  6. Nd5  6... d6  7. c3  7... a6  8. O-O  8... O-O  9. Rd1  9... b5  10. Bb3  10... Be6  11. Nxf6+  11... Qxf6  12. d4  12... Bxb3  13. dxe5  13... Bxd1  14. Qxd1  14... Nxe5  15. Nxe5  15... Qxe5  16. Qg4  16... Qf6  17. Bf4  17... a5  18. Re1  18... b4  19. e5  19... dxe5  20. Bxe5  20... Qxf2+  21. Kh1  21... Qxe1#  0-1,checkmated,blitz,white
38319268463,nonenamehere,1096,1110,Petrovs-Defense-Three-Knights-Game,1. e4  1... e5  2. Nc3  2... Nf6  3. Nf3  3... Nc6  4. Bc4  4... Bc5  5. Nd5  5... Nxe4  6. c3  6... Nxf2  7. Qe2  7... Nxh1  8. Nxe5  8... O-O  9. Qf3  9... Nxe5  10. Qf4  10... d6  0-1,resigned,blitz,white
38319797077,priyanshu02112,1104,1099,Sicilian-Defense-Alapin-Variation-2...Nc6-3.d4,1. e4  1... c5  2. c3  2... Nc6  3. d4  3... cxd4  4. cxd4  4... d6  5. Bc4  5... Nf6  6. Nf3  6... Nxe4  7. Nc3  7... Nf6  8. Bg5  8... e6  9. Qe2  9... Be7  10. Bxf6  10... Bxf6  11. d5  11... Nd4  12. Nxd4  12... Bxd4  13. Bb5+  13... Bd7  14. dxe6  14... Bxb5  15. exf7+  15... Kxf7  16. Nxb5  16... Qa5+  17. Kf1  17... Rhe8  18. Nxd6+  18... Kg8  19. Qc4+  19... Kf8  20. Qf7#  1-0,win,blitz,white
38319917369,Jiffouu,1113,1123,Caro-Kann-Defense-2.Nc3-d5,1. e4  1... c6  2. Nc3  2... d5  3. exd5  3... cxd5  4. d4  4... Nc6  5. Bb5  5... a6  6. Ba4  6... Nf6  7. Bg5  7... e6  8. Qf3  8... Be7  9. Qg3  9... b5  10. Bb3  10... Nxd4  11. O-O-O  11... Nxb3+  12. axb3  12... Bd7  13. Nf3  13... Bd6  14. Qxd6  14... h6  15. Bxf6  15... Qxf6  16. Rhe1  16... b4  17. Nxd5  17... Qg6  18. Qe7#  1-0,win,blitz,white
38349203263,ddavidchangg,1384,1474,Pirc-Defense-2.Nc3-Nf6,1. e4  1... d6  2. Nc3  2... Nf6  3. Nf3  3... c6  4. Bc4  4... e5  5. d4  5... Qa5  6. Bd2  6... Qc7  7. dxe5  7... dxe5  8. Bg5  8... Nbd7  9. Na4  9... b5  10. Bxf7+  10... Kxf7  11. Nc3  11... Bb4  12. Qd3  12... Nc5  13. Qe3  13... Ng4  14. Qe2  14... Bxc3+  15. bxc3  15... Ba6  16. O-O-O  16... b4  17. Qd2  17... bxc3  18. Qxc3  18... Nd7  19. Qb3+  19... Kg6  20. Qe6+  20... Ngf6  21. Rxd7  21... Qxd7  22. Nxe5+  22... Kxg5  23. Nxd7  23... Nxd7  24. Qxd7  24... Kg6  25. Qxc6+  1-0,win,rapid,white
38349872827,jiffyjeffers,1384,1563,Alekhines-Defense-Scandinavian-Variation-3.e5-Nfd7,1. e4  1... Nf6  2. Nc3  2... d5  3. e5  3... Nfd7  4. Nf3  4... e6  5. d4  5... c5  6. Bb5  6... Qb6  7. Be3  7... a6  8. Bxd7+  8... Bxd7  9. Na4  9... Bxa4  10. b3  10... Bd7  11. Ng5  11... Nc6  12. Qf3  12... cxd4  13. Qxf7+  13... Kd8  14. Bf4  14... Bb4+  15. Kf1  15... Rf8  16. Nxe6+  16... Bxe6  17. Bg5+  17... Kc8  18. Qxe6+  18... Kb8  19. a3  19... d3  20. Be3  20... Qxe3  21. f3  21... Qe2+  22. Kg1  22... Bc5#  0-1,checkmated,rapid,white
38350486997,CosmicDilation,1384,1210,Vienna-Game-Falkbeer-Vienna-Gambit,1. e4  1... e5  2. Nc3  2... Nf6  3. f4  3... exf4  4. e5  4... Qe7  5. Qe2  5... Ng8  6. Nf3  6... Nc6  7. d4  7... d5  8. Bxf4  8... Nb4  9. Qb5+  9... c6  10. Qe2  10... Bf5  11. Rc1  11... Bg4  12. a3  12... Na6  13. Na4  13... b5  14. b4  14... Nxb4  15. axb4  15... Qxb4+  16. Bd2  16... Qxa4  17. h3  17... Bxf3  18. Qxf3  18... Qxd4  19. Bd3  19... Qxe5+  20. Kd1  20... Ba3  21. Re1  21... Qxe1+  22. Bxe1  22... Bxc1  23. Kxc1  23... Ne7  24. Qe3  24... a5  25. Bh4  25... f6  26. Bg3  26... Ra7  27. Qxa7  27... O-O  28. Qxe7  1-0,resigned,rapid,black
38351595675,jiheng,1384,1647,Birds-Opening-Froms-Gambit-2.fxe5,1. f4  1... e5  2. fxe5  2... Qh4+  3. g3  3... Qe4  4. Nf3  4... Nc6  5. d3  5... Qb4+  6. c3  6... Qa5  7. d4  7... d6  8. exd6  8... Bxd6  9. Bg2  9... Be6  10. O-O  10... Bxa2  11. e4  11... Bb3  12. Rxa5  12... Bxd1  13. Rb5  13... Be2  14. Rxb7  14... Bxf1  15. Kxf1  15... Na5  16. Rb5  16... Nc4  17. b3  17... Nb6  18. c4  18... Be7  19. Ne5  19... Bf6  20. Bf4  20... O-O-O  21. Nc6  21... Rxd4  22. Nxd4  22... Bxd4  23. c5  23... Nd7  24. Nd2  24... Nxc5  25. Nc4  25... Nf6  26. Bh3+  26... Ncd7  27. e5  27... Ne4  28. Rd5  28... Nc5  29. Rxd4  29... Nxb3  30. Rxd7  30... Nc5  31. Rd5+  31... Ne6  32. Na5  32... f5  33. exf6  33... gxf6  34. Bxe6+  1-0,resigned,rapid,black
38427841629,Lil_Hoovi_Vert,1109,1289,Caro-Kann-Defense-2.Nc3-d5,1. e4  1... c6  2. Nc3  2... d5  3. exd5  3... cxd5  4. d4  4... Nc6  5. Bb5  5... Nf6  6. Nf3  6... Bg4  7. h3  7... Bxf3  8. Qxf3  8... e6  9. O-O  9... Be7  10. h4  10... O-O  11. Bd3  11... Nxd4  12. Qg3  12... Bd6  13. f4  13... Nf5  14. Qh3  14... g6  15. g4  15... Ne7  16. h5  16... gxh5  17. g5  17... Ne4  18. Qxh5  18... Nf5  19. Bxe4  19... dxe4  20. Nxe4  20... Qb6+  21. Kg2  21... Qc6  22. Kf3  22... Nd4+  23. Kg4  23... Qxe4  24. Bd2  24... Qf5+  25. Kg3  25... e5  26. fxe5  26... Bxe5+  27. Bf4  27... Ne2+  28. Kf3  28... Nxf4  29. Ke3  29... Rad8  30. Qh6  30... Bd4+  31. Kf3  31... Qd5+  32. Kxf4  32... Rde8  33. Kg4  33... Qe4+  34. Rf4  34... Qe2+  35. Rf3  35... Re4+  36. Kg3  36... Be5+  37. Kh3  37... Qxf3#  0-1,checkmated,blitz,white
38428523439,DavidMorrisOhioU,1108,1633,Queens-Pawn-Opening-Zukertort-Chigorin-Variation,1. d4  1... d5  2. Nf3  2... Nc6  3. g3  3... Nf6  4. Bg2  4... Bf5  5. c3  5... e6  6. Nbd2  6... Qd7  7. Nh4  7... Bg6  8. Nxg6  8... hxg6  9. e4  9... O-O-O  10. Qe2  10... Be7  11. e5  11... Nh5  12. Nb3  12... f5  13. h4  13... Qe8  14. Bg5  14... Kb8  15. O-O-O  15... Qf7  16. Bxe7  16... Qxe7  17. Nc5  1-0,timeout,blitz,black
38429609161,jham2222,1109,502,Ruy-Lopez-Opening-Morphy-Defense-Exchange-Variation-4...dxc6,1. e4  1... e5  2. Nf3  2... Nc6  3. Bb5  3... a6  4. Bxc6  4... dxc6  5. c3  5... Bd6  6. O-O  6... Bg4  7. h3  7... Bd7  8. d4  8... exd4  9. Qxd4  9... f6  10. e5  10... c5  11. Qd5  11... Bc6  12. Qe6+  12... Be7  13. exf6  13... Nxf6  14. Bg5  14... Qd6  15. Re1  15... Qxe6  16. Rxe6  16... Bxf3  17. gxf3  17... Kf7  18. Re2  18... Rhe8  19. Bxf6  19... Bxf6  20. Rxe8  20... Rxe8  21. Nd2  21... Re2  22. Rd1  22... Bh4  23. Ne4  23... b6  24. Rd7+  24... Kg6  25. Rxc7  25... Rxb2  26. Rb7  26... b5  27. Rb6+  27... Kf7  28. Rxa6  28... c4  29. Rb6  29... Ke7  30. Rxb5  30... Rxb5  31. a4  31... Rb2  32. a5  32... Ra2  33. f4  33... Rxa5  34. Ng3  34... Bxg3  35. fxg3  35... Ra2  36. g4  36... Ke6  37. f5+  37... Ke5  38. h4  38... Kf4  39. g5  39... Kxf5  40. Kf1  40... Kg4  41. Ke1  41... Kxh4  42. Kd1  42... Kxg5  43. Kc1  43... Rh2  44. Kb1  44... Kf4  45. Kc1  45... Ke3  46. Kd1  46... Kd3  47. Kc1  47... Kxc3  48. Kd1  48... Kb3  49. Kc1  49... c3  50. Kd1  50... Kb2  51. Ke1  51... c2  52. Kf1  52... c1=Q#  0-1,win,blitz,black
38430275937,Lando740,1111,798,Caro-Kann-Defense-2.Nc3-d5,1. e4  1... c6  2. Nc3  2... d5  3. exd5  3... cxd5  4. Nf3  4... Bf5  5. Bb5+  5... Nd7  6. Ne5  6... Nf6  7. Qf3  7... Bg4  8. Qxg4  8... Nxg4  9. Bxd7+  9... Qxd7  10. Nxd7  10... Kxd7  11. Nxd5  11... e6  12. Ne3  12... Nf6  13. b3  13... Bc5  14. Bb2  14... Ke7  15. O-O-O  15... Rhd8  16. Rhe1  16... Ne4  17. f3  17... Nf2  18. d4  18... Nxd1  19. Rxd1  19... Bb6  20. Re1  20... Rac8  21. g4  21... Bxd4  22. Nf5+  22... Kf8  23. Nxd4  23... Kg8  24. Nb5  24... a6  25. Nc3  25... Re8  26. Ne4  26... f5  27. Nd6  27... Rcd8  28. Nxe8  28... Rxe8  29. gxf5  29... Kf7  30. fxe6+  30... Rxe6  31. Rxe6  31... Kxe6  32. Kd2  32... g6  33. Ke3  33... Kf5  34. h3  34... h5  35. h4  35... g5  36. hxg5  36... Kxg5  37. Kf2  37... Kf4  38. Bd4  38... Kf5  39. Bb6  39... Kf4  40. Bc7+  40... Kf5  41. Kg3  41... Kg6  42. Kh4  42... Kh6  43. f4  43... Kg6  44. Be5  44... Kh6  45. c4  45... Kg6  46. a4  46... Kh6  47. b4  47... Kg6  48. b5  48... axb5  49. cxb5  49... Kf5  50. Kxh5  50... Ke4  51. Kg5  51... Kd5  52. a5  52... Kc5  53. b6  53... Kb5  54. Bc3  54... Ka6  55. Bd2  55... Kb5  56. Kf6  56... Ka6  57. Ke7  57... Kb5  58. Kd8  58... Ka6  59. Kc8  59... Kb5  60. Kxb7  60... Ka4  61. a6  61... Kb3  62. Be3  62... Kc2  63. Bc5  63... Kd3  64. Be3  64... Kxe3  65. f5  65... Ke4  66. f6  66... Ke5  67. f7  67... Ke6  68. f8=Q  68... Kd7  69. Qc8+  69... Kd6  70. a7  70... Ke7  71. a8=R  71... Kd6  72. Ka6  72... Ke7  73. Ra7+  73... Kd6  74. Rd7+  74... Ke6  75. Qe8+  75... Kf6  76. Rf7+  1-0,win,blitz,white
38778059827,banikr,1102,1074,English-Opening-Four-Knights-Flexible-Line,1. c4  1... e5  2. Nc3  2... Nc6  3. Nf3  3... Nf6  4. d3  4... Bb4  5. Bg5  5... d5  6. cxd5  6... Qxd5  7. Bxf6  7... gxf6  8. a3  8... Bxc3+  9. bxc3  9... Be6  10. c4  10... Qa5+  11. Nd2  11... Nd4  12. e3  12... Nc6  13. Be2  13... O-O-O  14. O-O  14... Rhg8  15. Bf3  15... Bf5  16. Nb3  16... Qc3  17. Nc5  17... Bxd3  18. Nxd3  18... Rxd3  19. Qa4  19... Na5  20. Qb5  20... c6  21. Qc5  21... Nb3  22. Qxa7  22... Nd2  23. Qa8+  23... Kc7  24. Qxg8  24... Qxc4  25. Rfc1  25... Nxf3+  26. gxf3  26... Qe6  27. Qg4  27... Qe7  28. Qc4  28... Rd8  29. Rd1  29... Rg8+  30. Kf1  30... b5  31. Qc3  31... Kb6  32. Rab1  32... Qa7  33. Qb4  33... Qa6  34. a4  34... Kc7  35. axb5  35... cxb5  36. Rbc1+  36... Kb7  37. Qe7+  37... Kb6  38. Qxf7  38... Rg4  39. Qxf6+  39... Ka5  40. Qxa6+  40... Kxa6  41. fxg4  41... Kb6  42. Rd5  1-0,resigned,blitz,black
38778645791,nimonemo,1095,1145,Caro-Kann-Defense-2.Nc3-d5,1. e4  1... c6  2. Nc3  2... d5  3. exd5  3... cxd5  4. Qf3  4... e6  5. Bd3  5... Nf6  6. b3  6... a6  7. Bb2  7... b5  8. Nxb5  8... axb5  9. Bxf6  9... Qxf6  10. Bxb5+  10... Bd7  11. Qxf6  11... gxf6  12. Bd3  12... f5  13. Nf3  13... Bg7  14. Ng5  14... Bxa1  15. O-O  15... Bf6  0-1,resigned,blitz,white
38806193081,nickolasdo,1095,1220,Queens-Pawn-Opening-Accelerated-London-System,1. d4  1... d5  2. Bf4  2... Bf5  3. Nf3  3... Nc6  4. e3  4... f6  5. c4  5... e6  6. cxd5  6... exd5  7. Nc3  7... Bb4  8. Qb3  8... Nge7  9. a3  9... Ba5  10. Be2  10... h5  11. h4  11... Rb8  12. Qd1  12... Qd7  13. O-O  13... Kf7  14. Nd2  14... g5  15. Bxh5+  15... Bg6  16. Bxg6+  16... Nxg6  17. hxg5  17... Nh4  18. g6+  18... Kg7  19. f3  19... Nxg6  20. Bg3  20... Rh5  21. f4  21... Rh6  22. f5  1-0,timeout,blitz,black
38806788731,ddavidchangg,1095,1225,Kings-Gambit-Accepted-MacLeod-Defense,1. e4  1... e5  2. f4  2... exf4  3. Nf3  3... Nc6  4. d4  4... Nf6  0-1,win,blitz,black
38807324901,Nintazz,1095,1651,English-Opening-Anglo-Lithuanian-Variation,1. c4  1... Nc6  2. Nc3  2... g6  3. g3  3... Bg7  4. Bg2  4... Nh6  5. e3  5... Nf5  6. d4  6... Nd6  7. b3  7... Nf5  8. Nge2  8... e5  9. dxe5  9... Nxe5  10. O-O  10... Nc6  11. Ba3  11... d6  12. Rc1  12... a5  13. Nb5  13... Nb4  14. Qd2  14... O-O  15. Rfd1  15... Re8  16. c5  16... dxc5  17. Qxd8  17... Rxd8  18. Rxd8+  18... Bf8  19. Rxc5  19... Nxa2  20. Rxc7  20... Kg7  21. Rcxc8  21... Rxc8  22. Rxc8  22... Bxa3  23. Nxa3  23... Nb4  24. Bxb7  24... Nd3  25. Nc4  25... Nc1  26. Nxc1  26... Nxe3  27. Nxe3  27... f5  28. Nd3  28... f4  29. Ng4  29... h5  30. Rc7+  30... Kh8  31. Nf6  31... fxg3  32. Rh7#  1-0,checkmated,blitz,black
38807942505,jiheng,1095,1661,Petrovs-Defense-Three-Knights-Game,1. e4  1... e5  2. Nf3  2... Nf6  3. Nc3  3... Nxe4  4. Nxe4  4... d5  5. Nc3  5... Nc6  6. Bb5  6... Bg4  7. Bxc6+  7... bxc6  8. h3  8... Bh5  9. g4  9... Bg6  10. Nxe5  10... Qe7  11. Qe2  11... f6  12. Nxc6  12... Qxe2+  13. Nxe2  13... Bxc2  14. Ned4  14... Ba4  15. b3  15... Bxc6  16. Nxc6  16... Bd6  17. d3  17... O-O  18. Be3  18... Rfe8  19. O-O-O  19... a5  20. Rhe1  20... a4  21. b4  21... Ra6  22. b5  22... Raa8  23. Bd2  23... Rf8  24. Kc2  24... a3  25. Bb4  25... Bxb4  26. Nxb4  26... Rfb8  27. Nxd5  27... Rxb5  28. Rb1  28... Rxd5  29. Re7  29... Rc5+  30. Kd2  30... h6  31. Rb7  31... Rc8  32. Ke3  32... Kf8  33. Rd7  33... Rc2  34. f4  34... Rxa2  35. Rbxc7  35... Re8+  36. Kd4  36... Rd2  0-1,timeout,blitz,white
38808559933,ddavidchangg,1095,1225,Kings-Pawn-Opening,1. e4  1-0,win,blitz,white
38808567215,nickolasdo,1095,1220,Sicilian-Defense-Alapin-Variation-2...e5,1. e4  1... c5  2. c3  2... e5  3. Nf3  3... Nc6  4. Bb5  4... Be7  5. Bxc6  5... bxc6  6. Nxe5  6... Nf6  7. Qf3  7... Qc7  8. d4  8... cxd4  9. cxd4  9... O-O  10. Nc3  10... Ba6  11. Qg3  11... g6  12. h4  12... Nh5  13. Qg4  13... d6  14. Nf3  14... Rfe8  15. Bg5  15... Rab8  16. O-O-O  16... Qb7  17. Rd2  17... Nf6  18. h5  18... Nxg4  19. hxg6  19... fxg6  20. Rh4  20... Bxg5  21. Nxg5  21... Nf6  22. f4  22... Kg7  23. g4  23... Qd7  24. e5  24... Rh8  25. exf6+  25... Kxf6  26. Nce4+  26... Kg7  27. Rdh2  27... h5  28. gxh5  28... gxh5  29. Rxh5  29... Rxh5  30. Rxh5  30... Rh8  31. Rxh8  31... Kxh8  32. Nc3  32... Qg4  33. Nf7+  33... Kg7  34. Nxd6  34... Qxf4+  35. Kc2  35... Qxd6  36. Ne4  36... Qh2+  37. Kb3  37... Qh3+  38. Nc3  38... Qe6+  39. d5  39... cxd5  40. Na4  40... Bc4+  41. Ka3  41... Qd6+  42. b4  42... Qg3+  43. Kb2  43... Qg2+  44. Kc3  44... Qxa2  45. Nc5  45... Qa3+  46. Kd4  46... Qxb4  47. Ne6+  47... Kf6  48. Nf4  48... Bf1+  49. Ke3  49... Qe4+  50. Kf2  50... Qxf4+  51. Ke1  51... Qe4+  52. Kxf1  52... d4  53. Kf2  53... d3  54. Kf1  54... Qe2+  55. Kg1  55... Qe8  56. Kf1  56... d2  57. Kg2  57... d1=Q  58. Kf2  58... Qd3  59. Kg1  59... Qee2  60. Kh1  60... Qdd1#  0-1,checkmated,blitz,white
38953809121,CosmicDilation,1367,1227,Italian-Game-Fried-Liver-Attack...7.Qf3-Ke6-8.Nc3-Nb4,1. e4  1... e5  2. Nf3  2... Nc6  3. Bc4  3... Nf6  4. Ng5  4... d5  5. exd5  5... Nxd5  6. Nxf7  6... Kxf7  7. Qf3+  7... Ke6  8. Nc3  8... Nb4  9. Bb3  9... c6  10. a3  10... Na6  11. O-O  11... Bc5  12. Re1  12... Rf8  13. Qe2  13... Qf6  14. Ne4  14... Qf5  15. d3  15... Bd7  16. Ng3  16... Qxf2+  17. Kh1  17... Qxe2  18. Rxe2  18... Rf2  19. Re4  19... Raf8  20. Bg5  20... Kd6  21. Rae1  21... Bd4  22. c3  22... Nc5  23. Bxd5  23... cxd5  24. cxd4  24... Nxe4  25. dxe4  25... Rxb2  26. exd5  26... exd4  27. Be7+  27... Kxd5  28. Bxf8  28... d3  29. Rd1  29... Kc4  30. Bxg7  30... Ba4  31. Bxb2  31... Bxd1  32. Kg1  32... Kb3  33. Be5  33... Kc2  34. Kf1  34... Bh5  35. Ke1  35... d2+  36. Kf2  36... d1=Q  37. Nxh5  37... Qxh5  38. Bg3  38... Qa5  39. Bd6  39... Qb6+  40. Kg3  40... Qxd6+  0-1,resigned,rapid,white
38955073807,Nintazz,1366,1854,Old-Benoni-Defense-Franco-Benoni-Defense,1. e4  1... e6  2. d4  2... c5  3. d5  3... exd5  4. exd5  4... d6  5. Bb5+  5... Bd7  6. Qe2+  6... Be7  7. Nf3  7... a6  8. Bd3  8... Nf6  9. Nc3  9... b5  10. Nxb5  10... axb5  11. Bxb5  11... Bxb5  12. Qxb5+  12... Qd7  13. c4  13... Qxb5  14. cxb5  14... Nbd7  15. Bg5  15... Nxd5  16. O-O-O  16... Bxg5+  17. Nxg5  17... N7f6  18. Rhe1+  18... Kf8  19. a3  19... h6  20. Ne4  20... Rd8  21. Kc2  21... Nxe4  22. Rxe4  22... Nb6  23. Kc3  23... Nd5+  24. Rxd5  24... g6  25. Ra4  25... Ke7  26. Ra7+  26... Ke6  27. Rd3  27... f5  28. Kc4  28... f4  29. g3  29... Rhf8  30. f3  30... Rf5  31. g4  31... Re5  32. h4  32... Re3  33. Rxe3+  33... fxe3  34. Kd3  34... d5  35. Kxe3  35... d4+  36. Ke4  36... d3  37. Ra6+  37... Ke7  38. b6  38... d2  39. Ra7+  39... Kf6  40. Ra6  40... d1=Q  41. b7+  41... Kf7  42. Ra8  42... Qd4#  0-1,checkmated,rapid,white
38956729767,Nikolay570,1354,1344,Vienna-Game-Max-Lange-Defense-3.Bc4-Nf6,1. e4  1... e5  2. Nc3  2... Nf6  3. Bc4  3... Nc6  4. Nf3  4... h6  5. Nd5  5... Nxe4  6. Qe2  6... Nd6  7. Nxe5  7... Qe7  8. Nxe7  1-0,resigned,rapid,black
38956767135,pajapop,1342,1332,Kings-Pawn-Opening-The-Whale-Variation,1. e4  1... e5  2. c4  2... Nf6  3. Nc3  3... Nc6  4. Nf3  4... Bc5  5. Na4  5... Bb6  6. c5  6... Ba5  7. Bb5  7... b6  8. Bxc6  8... dxc6  9. Nxe5  9... Bb7  10. Qb3  10... Nxe4  11. Qxf7#  1-0,checkmated,rapid,black
38956832761,darkopg111,1330,1327,Ruy-Lopez-Opening-Morphy-Defense-Exchange-Variation-4...dxc6,1. e4  1... e5  2. Nf3  2... Nc6  3. Bb5  3... a6  4. Bxc6  4... dxc6  5. Nxe5  5... Qd4  6. Nf3  6... Qxe4+  7. Qe2  7... Qxe2+  8. Kxe2  8... Bg4  9. h3  9... Bxf3+  10. Kxf3  10... O-O-O  11. d3  11... Bd6  12. g4  12... Nf6  13. Re1  13... Rhe8  14. Rxe8  14... Rxe8  15. Be3  15... Nd5  16. Bd2  16... Be5  17. c3  17... Bf6  18. Na3  18... b5  19. Nc2  19... h6  20. Re1  20... Rxe1  21. Bxe1  21... Bg5  22. Nd4  22... Kd7  23. Nf5  23... Bf6  24. Ng3  24... g6  25. Ne4  25... Be7  26. Bd2  26... g5  27. Be3  27... Bd6  28. Bc5  28... Bf4  29. Ba3  29... Bc1  30. Nc5+  30... Kd6  31. Nb3+  31... Kd7  32. Nxc1  1-0,resigned,rapid,black
38957400867,lordgeorge1951,1319,1306,Three-Knights-Opening,1. e4  1... e5  2. Nc3  2... Nc6  3. Nf3  3... d6  4. Bb5  4... Bd7  5. a4  5... Nf6  6. d3  6... a6  7. Bc4  7... h6  8. Be3  8... Be7  9. Qb1  9... O-O  10. b4  10... Ng4  11. b5  11... axb5  12. axb5  12... Rxa1  13. Qxa1  13... Nxe3  14. fxe3  14... Nb4  15. Qb2  15... d5  16. exd5  16... Bg4  17. Nxe5  17... Bh5  18. g4  18... Bg6  19. e4  19... Qd6  20. h4  20... Qxe5  21. h5  21... Bh7  22. Rf1  22... Qg3+  23. Kd1  0-1,resigned,rapid,white
38987365769,cmw152,1310,1355,Queens-Pawn-Opening-Accelerated-London-System,1. d4  1... d5  2. Bf4  2... Nf6  3. Nf3  3... Nc6  4. e3  4... Bg4  5. Nbd2  5... Nd7  6. c4  6... e5  7. dxe5  7... Ncxe5  8. cxd5  8... Bb4  9. Be2  9... Bxd2+  10. Nxd2  10... Nd3+  11. Kf1  11... Bxe2+  12. Qxe2  12... N7e5  13. Bxe5  13... Nxe5  14. e4  14... Qf6  15. f4  15... Qxf4+  16. Nf3  16... O-O-O  17. Kf2  17... Ng4+  18. Ke1  18... Rhe8  19. Nd2  19... Rxd5  20. Rf1  20... Qxh2  21. Qxg4+  21... Rd7  22. Rxf7  22... Qg1+  23. Ke2  23... Rd8  24. Rxg1  1-0,resigned,rapid,black
38987988977,Tanuj-r,1320,1291,Kings-Pawn-Opening-Kings-Knight-McConnell-Defense,1. e4  1... e5  2. Nf3  2... Qf6  3. Nc3  3... c6  4. d4  4... exd4  5. Qxd4  5... h6  6. e5  6... Qe6  7. Bc4  7... Qg6  8. Qf4  8... b5  9. Bb3  9... Na6  10. h4  10... Ne7  11. h5  11... Qh7  12. Bxf7+  12... Kd8  13. Bd2  13... Qxc2  14. O-O  14... Nc5  15. Nxb5  15... cxb5  16. Ba5#  1-0,win,rapid,white
38995153871,jkasis,1311,1355,Queens-Pawn-Opening-Accelerated-London-System,1. d4  1... d5  2. Bf4  2... Nf6  3. Nc3  3... Nc6  4. g3  4... h6  5. Bg2  5... Nh7  6. Nxd5  6... Be6  7. Nxc7+  7... Kd7  8. Nxa8  8... Qxa8  9. Bxc6+  9... bxc6  10. Nf3  10... Ke8  11. c3  11... Bc4  12. Qa4  12... Bb5  13. Qb3  13... f6  14. O-O-O  14... Bxe2  15. Rde1  15... Bxf3  16. Rhg1  16... Bd5  17. c4  17... Bf7  18. d5  18... cxd5  19. Qb5+  19... Kd8  20. Qc5  20... e5  21. Qa5+  21... Kd7  22. Qb5+  22... Qc6  23. Qxc6+  23... Kxc6  24. cxd5+  24... Bxd5  25. Be3  25... Kb7  26. Kb1  26... Bb4  27. Rc1  27... Ng5  28. Rgd1  28... Be4+  29. Ka1  29... Bf5  30. Rc4  30... Be7  31. Ra4  31... a6  32. Rc1  32... Rc8  33. Re1  33... Nf3  34. Re2  34... Bd3  35. Rd2  35... Nxd2  36. Bxd2  36... Bc5  37. Bc3  37... Kb6  38. b3  38... Kb7  39. Kb2  39... Bxf2  40. Rb4+  40... Bb5  41. a4  41... Bd4  42. Bxd4  42... exd4  43. axb5  43... axb5  44. Rxb5+  44... Ka6  45. Rd5  1-0,timeout,rapid,black
38996344049,elbatal7,1301,1301,Philidor-Defense,1. e4  1... e5  2. Nf3  2... d6  3. Na3  3... Nf6  4. Bd3  4... Be7  5. Nc4  5... O-O  6. Ne3  6... h6  7. c3  7... Nc6  8. Bb1  8... a5  9. a4  9... Be6  10. d4  10... exd4  11. Nxd4  11... Nxd4  12. Qxd4  12... c5  13. Qd1  13... Qb6  14. f4  14... Bb3  15. Bc2  15... Bxc2  16. Qxc2  16... Qc6  17. Nd5  17... Nxd5  18. exd5  18... Qxd5  19. O-O  19... f5  20. b3  20... c4  21. bxc4  21... Qxc4  22. Bb2  22... d5  23. Rae1  23... Rfe8  24. Qxf5  24... Bc5+  25. Kh1  25... Rxe1  26. Rxe1  26... Rf8  27. Qe6+  27... Kh8  28. h3  28... Rxf4  29. Bc1  29... Rf1+  30. Rxf1  30... Qxf1+  31. Kh2  31... Qxc1  32. Qc8+  32... Kh7  33. Qxc5  33... Qf4+  34. Kh1  34... Qxa4  35. Qxd5  35... Qa1+  36. Kh2  36... Qxc3  37. Qf5+  37... Kg8  38. Qd5+  38... Kf8  39. Qd6+  39... Ke8  40. Qe6+  40... Kd8  41. Qd6+  41... Kc8  42. Qe6+  42... Kb8  43. Qd6+  43... Qc7  44. Qxc7+  44... Kxc7  0-1,resigned,rapid,white
38997528627,Ataiskyi,1291,1276,French-Defense-Advance-Paulsen-Attack-5...Qb6,1. e4  1... e6  2. d4  2... d5  3. e5  3... c5  4. c3  4... Nc6  5. Nf3  5... Qb6  6. Qb3  6... cxd4  7. Qxb6  7... axb6  8. cxd4  8... Bb4+  9. Nc3  9... Nge7  10. Bd2  10... Nf5  11. Bb5  11... O-O  12. Be3  12... Na5  13. O-O  13... Rd8  14. Rfc1  14... Bd7  15. Bd3  15... Nxe3  16. fxe3  16... Rdc8  17. Ng5  17... h6  18. Nh3  18... Bxc3  19. Rxc3  19... Rxc3  20. bxc3  20... Nb3  21. Rb1  21... Nd2  22. Rb2  22... Nc4  23. Bxc4  23... dxc4  24. Rxb6  24... Bc6  25. Rb2  25... b5  26. Nf4  26... g5  27. Nh3  27... Kg7  28. Nf2  28... Kg6  29. e4  29... h5  30. h4  30... gxh4  31. Kh2  31... Kg5  32. Kh3  32... Kf4  33. Re2  33... Kg5  34. Nd1  34... Ra3  35. Kh2  35... Kg4  36. Nf2+  36... Kf4  37. Nh3+  37... Kg4  38. Nf2+  38... Kg5  39. Nh3+  39... Kg6  40. Nf4+  40... Kh6  41. Kh3  41... Kg5  42. g3  42... Rxc3  43. Rg2  43... Bxe4  44. Rg1  44... Bf5+  45. Kg2  45... Rxg3+  46. Kf2  0-1,resigned,rapid,white
38998791387,wailrabee,1303,1392,Four-Knights-Game-Italian-Variation,1. e4  1... e5  2. Nf3  2... Nc6  3. Bc4  3... Nf6  4. Nc3  4... h6  5. O-O  5... b6  6. b3  6... Bb7  7. Bb2  7... Bb4  8. d4  8... Bxc3  9. Bxc3  9... Nxe4  10. Bb2  10... O-O  11. Nxe5  11... Nxe5  12. dxe5  12... Qg5  13. f4  13... Qg6  14. Bd3  14... Qc6  15. e6  15... Nc3  16. exf7+  16... Rxf7  17. Qg4  17... Nd5  18. Rae1  18... Qc5+  19. Kh1  19... Ne3  20. Qg6  20... Bxg2+  0-1,win,rapid,black
39002348303,bebitron,1294,1303,Bishops-Opening-Berlin-Spielmann-Attack,1. e4  1... e5  2. Nc3  2... Nf6  3. Bc4  3... Bc5  4. d3  4... O-O  5. Be3  5... Bb4  6. Qd2  6... Ng4  7. O-O-O  7... Nxe3  8. fxe3  8... c6  9. h4  9... b5  10. Bb3  10... a5  11. a3  11... a4  12. Ba2  12... Ba5  13. g4  13... d5  14. h5  14... Bxg4  15. Nge2  15... d4  16. exd4  16... exd4  17. Rdg1  17... Bxe2  18. Qxe2  18... dxc3  19. Qg4  19... cxb2+  20. Kb1  20... Bc3  21. Be6  21... fxe6  22. Qxe6+  22... Kh8  23. h6  23... g6  24. Rf1  24... Re8  25. Qf7  25... Nd7  26. Re1  26... Rf8  27. Qe6  27... Rf6  28. Qg4  0-1,resigned,rapid,white
39004122089,PetitRoK,1300,1166,Caro-Kann-Defense-2.Nc3-d5,1. e4  1... c6  2. Nc3  2... d5  3. exd5  3... cxd5  4. Qh5  4... Nf6  5. Qh4  5... e5  6. Nf3  6... e4  7. Ne5  7... Be7  8. d3  8... exd3  9. Bxd3  9... Qb6  10. Bg5  10... O-O  11. Bxf6  11... g6  12. Bxe7  12... Re8  13. Nxd5  13... Qe6  14. Nf6+  14... Kg7  15. Qxh7#  1-0,win,rapid,white
39009577021,Shashib20,1292,1304,Vant-Kruijs-Opening-1...e5,1. e3  1... e5  2. c3  2... d5  3. Qa4+  3... Bd7  4. Qb3  4... c6  5. Qxb7  5... Qb6  6. Qxa8  6... Nf6  7. Nf3  7... Bd6  8. d4  8... e4  9. Nfd2  9... O-O  10. c4  10... Ne8  11. c5  11... Qc7  12. cxd6  12... Nxd6  13. Nb3  13... Nc4  14. Nc5  14... Bg4  15. Bxc4  15... dxc4  16. Qb7  16... Qa5+  1-0,resigned,rapid,black
39010172795,GoodHonestPawn,1284,1291,Queens-Pawn-Opening-Accelerated-London-System,1. d4  1... d5  2. Bf4  2... Nf6  3. e3  3... Nc6  4. Nf3  4... Bg4  5. Nbd2  5... e6  6. c4  6... Bb4  7. cxd5  7... exd5  8. Qa4  8... Ne4  9. Bb5  9... O-O  10. Bxc6  10... Bxf3  11. Qxb4  11... Bxg2  12. Rg1  12... bxc6  13. Rxg2  13... Rb8  14. Qa4  14... Nxd2  15. Kxd2  15... Rxb2+  16. Kc1  16... Rb6  17. Qxa7  17... Qe7  18. Qxc7  18... Qxc7  19. Bxc7  19... Ra6  20. Bd6  1-0,resigned,rapid,black
39036569893,Owwie,1081,711,Queens-Pawn-Opening-Accelerated-London-System,1. d4  1... d5  2. Bf4  2... Nf6  3. e3  3... Nc6  4. Nf3  4... h6  5. c3  5... Ne4  6. Nbd2  6... f6  7. Bd3  7... h5  8. Nxe4  8... dxe4  9. Bxe4  9... g5  10. Bg6+  10... Kd7  11. Qb3  11... e6  12. d5  12... Nb4  13. dxe6+  13... Kc6  14. Be4+  14... Nd5  15. Nd4+  15... Kc5  16. Qb5#  1-0,checkmated,blitz,black
35263029553,skychen007,1384,2223,Vienna-Game-Max-Lange-Meitner-Mieses-Gambit,1. e4  1... e5  2. Nc3  2... Nc6  3. Bc4  3... Bc5  4. Qg4  4... Qf6  5. Nd5  5... Qxf2+  6. Kd1  6... g6  7. Nh3  7... Qd4  8. d3  8... d6  9. Qf3  9... Be6  10. c3  10... Bxd5  11. cxd4  11... Nxd4  12. Qf1  12... Be6  13. Ng5  13... Bg4+  14. Nf3  14... f5  15. h3  15... Bh5  16. Bd2  16... Nf6  17. exf5  17... Nxf5  18. g4  18... Ng3  19. Qg2  19... Nxh1  20. Qxh1  20... Bxg4  21. hxg4  21... Nxg4  22. Qh4  22... Nf2+  23. Kc2  23... c6  24. Be1  24... Rf8  25. Bxf2  25... Rxf3  26. Bxc5  26... dxc5  27. Re1  27... b5  28. Rxe5+  28... Kf8  29. Qe7#  1-0,checkmated,rapid,black
36805165365,EgorGanyushkin,1148,1091,French-Defense-Advance-Variation,1. e4  1... e6  2. d4  2... d5  3. e5  3... Nc6  4. Nf3  4... f6  5. Bb5  5... Bd7  6. Bxc6  6... Bxc6  7. Be3  7... f5  8. Qd2  8... h6  9. Nc3  9... Bb4  10. a3  10... Ba5  11. b4  11... Bb6  12. b5  12... Bd7  13. a4  13... Ba5  14. O-O  14... Qe7  15. Rfb1  15... g5  16. Ne1  16... f4  17. Bxf4  17... gxf4  18. Nxd5  18... Bxd2  19. Nxe7  19... Nxe7  20. Nf3  20... Ba5  21. c4  21... c6  22. bxc6  22... Bxc6  23. d5  23... exd5  24. cxd5  24... Bxd5  25. Nd4  25... Bc3  26. Rxb7  26... Bxd4  27. Rd7  0-1,resigned,blitz,white
